{
  "N": 3,
  "y": [0.2, 0.6, -0.1],
  "chol": [[1.0, 0.0, 0.0], [0.7, 0.714142842854285, 0.0], [0.2, 0.42008402520840293, 0.8853817273981653]],
  "obs_sd": 0.3
}
