{
  "N": 8,
  "y": [
    0.2909516394138336,
    0.9103085398674011,
    0.004688918590545654,
    -0.3416063189506531,
    0.7654362320899963,
    1.6479099988937378,
    0.2832951545715332,
    0.3268248736858368
  ],
  "chol": [
    [1.0000004768371582, 0.0, 0.0, 0.0, 0.0, 0.0, 0.0, 0.0],
    [0.5632789731025696, 0.8262673616409302, 0.0, 0.0, 0.0, 0.0, 0.0, 0.0],
    [0.10066886991262436, 0.6130881905555725, 0.7835748791694641, 0.0, 0.0, 0.0, 0.0, 0.0],
    [0.005708395503461361, 0.11794421076774597, 0.6258423328399658, 0.770959734916687, 0.0, 0.0, 0.0, 0.0],
    [0.00010270237544318661, 0.00683864438906312, 0.12310989946126938, 0.6296369433403015, 0.7670433521270752, 0.0, 0.0, 0.0],
    [5.862652301402704e-07, 0.0001238971744896844, 0.007188054732978344, 0.12472210079431534, 0.6308169364929199, 0.7658091187477112, 0.0, 0.0],
    [1.0618346202306839e-09, 7.088110578479245e-07, 0.0001305143377976492, 0.00729821901768446, 0.12523093819618225, 0.6311889290809631, 0.7654184103012085, 0.0],
    [6.101933736936405e-13, 1.2846876895622472e-09, 7.471923595403496e-07, 0.0001326072379015386, 0.0073331184685230255, 0.12539228796958923, 0.6313071846961975, 0.7652941942214966]
  ],
  "obs_sd": 0.3
}
