{
  "N": 48,
  "G": 4,
  "group_idx": [
    1,
    1,
    1,
    1,
    1,
    1,
    1,
    1,
    1,
    1,
    1,
    1,
    2,
    2,
    2,
    2,
    2,
    2,
    2,
    2,
    2,
    2,
    2,
    2,
    3,
    3,
    3,
    3,
    3,
    3,
    3,
    3,
    3,
    3,
    3,
    3,
    4,
    4,
    4,
    4,
    4,
    4,
    4,
    4,
    4,
    4,
    4,
    4
  ],
  "x": [
    -1.25,
    -1.0227272510528564,
    -0.7954545021057129,
    -0.5681818127632141,
    -0.34090903401374817,
    -0.11363629251718521,
    0.11363638937473297,
    0.34090909361839294,
    0.5681818723678589,
    0.7954546213150024,
    1.022727370262146,
    1.25,
    -1.25,
    -1.0227272510528564,
    -0.7954545021057129,
    -0.5681818127632141,
    -0.34090903401374817,
    -0.11363629251718521,
    0.11363638937473297,
    0.34090909361839294,
    0.5681818723678589,
    0.7954546213150024,
    1.022727370262146,
    1.25,
    -1.25,
    -1.0227272510528564,
    -0.7954545021057129,
    -0.5681818127632141,
    -0.34090903401374817,
    -0.11363629251718521,
    0.11363638937473297,
    0.34090909361839294,
    0.5681818723678589,
    0.7954546213150024,
    1.022727370262146,
    1.25,
    -1.25,
    -1.0227272510528564,
    -0.7954545021057129,
    -0.5681818127632141,
    -0.34090903401374817,
    -0.11363629251718521,
    0.11363638937473297,
    0.34090909361839294,
    0.5681818723678589,
    0.7954546213150024,
    1.022727370262146,
    1.25
  ],
  "y": [
    0.09100811183452606,
    0.03631523996591568,
    0.24402348697185516,
    0.13327546417713165,
    0.35108569264411926,
    0.4281635880470276,
    0.2544041574001312,
    0.465759813785553,
    0.48738548159599304,
    0.42937853932380676,
    0.40590688586235046,
    0.5617372393608093,
    0.7116336226463318,
    0.46492019295692444,
    0.5357254147529602,
    0.515994668006897,
    0.31677186489105225,
    0.4148010015487671,
    0.49560117721557617,
    0.17942090332508087,
    0.40311238169670105,
    0.3293217420578003,
    0.46131032705307007,
    0.41405361890792847,
    0.6259768605232239,
    0.44122573733329773,
    0.6794954538345337,
    0.5322061777114868,
    0.6657371520996094,
    0.5146808624267578,
    0.42209964990615845,
    0.7218922972679138,
    0.7633557319641113,
    0.8150458931922913,
    0.5977916121482849,
    0.6459270715713501,
    0.6507576107978821,
    0.6965018510818481,
    0.6260738968849182,
    0.6439067125320435,
    0.8912839889526367,
    0.6719801425933838,
    0.6142851710319519,
    0.7746952176094055,
    0.760832667350769,
    0.4564014673233032,
    0.4826650321483612,
    0.41856443881988525
  ]
}
