{
  "N": 40,
  "G": 4,
  "group_idx": [1, 1, 1, 1, 1, 1, 1, 1, 1, 1, 2, 2, 2, 2, 2, 2, 2, 2, 2, 2, 3, 3, 3, 3, 3, 3, 3, 3, 3, 3, 4, 4, 4, 4, 4, 4, 4, 4, 4, 4],
  "x": [-1.0, -0.7777777910232544, -0.5555555820465088, -0.333333283662796, -0.11111113429069519, 0.11111114174127579, 0.3333333730697632, 0.5555555820465088, 0.7777777910232544, 1.0, -1.0, -0.7777777910232544, -0.5555555820465088, -0.333333283662796, -0.11111113429069519, 0.11111114174127579, 0.3333333730697632, 0.5555555820465088, 0.7777777910232544, 1.0, -1.0, -0.7777777910232544, -0.5555555820465088, -0.333333283662796, -0.11111113429069519, 0.11111114174127579, 0.3333333730697632, 0.5555555820465088, 0.7777777910232544, 1.0, -1.0, -0.7777777910232544, -0.5555555820465088, -0.333333283662796, -0.11111113429069519, 0.11111114174127579, 0.3333333730697632, 0.5555555820465088, 0.7777777910232544, 1.0],
  "y": [0, 0, 4, 0, 0, 1, 1, 1, 0, 0, 2, 1, 1, 3, 1, 1, 1, 2, 1, 1, 1, 1, 1, 1, 0, 5, 1, 2, 3, 0, 0, 0, 0, 0, 0, 0, 1, 0, 1, 0]
}
