{
  "N": 48,
  "G": 4,
  "group_idx": [1, 1, 1, 1, 1, 1, 1, 1, 1, 1, 1, 1, 2, 2, 2, 2, 2, 2, 2, 2, 2, 2, 2, 2, 3, 3, 3, 3, 3, 3, 3, 3, 3, 3, 3, 3, 4, 4, 4, 4, 4, 4, 4, 4, 4, 4, 4, 4],
  "x": [-1.25, -1.0227272510528564, -0.7954545021057129, -0.5681818127632141, -0.34090903401374817, -0.11363629251718521, 0.11363638937473297, 0.34090909361839294, 0.5681818723678589, 0.7954546213150024, 1.022727370262146, 1.25, -1.25, -1.0227272510528564, -0.7954545021057129, -0.5681818127632141, -0.34090903401374817, -0.11363629251718521, 0.11363638937473297, 0.34090909361839294, 0.5681818723678589, 0.7954546213150024, 1.022727370262146, 1.25, -1.25, -1.0227272510528564, -0.7954545021057129, -0.5681818127632141, -0.34090903401374817, -0.11363629251718521, 0.11363638937473297, 0.34090909361839294, 0.5681818723678589, 0.7954546213150024, 1.022727370262146, 1.25, -1.25, -1.0227272510528564, -0.7954545021057129, -0.5681818127632141, -0.34090903401374817, -0.11363629251718521, 0.11363638937473297, 0.34090909361839294, 0.5681818723678589, 0.7954546213150024, 1.022727370262146, 1.25],
  "trials": [10, 11, 12, 13, 10, 11, 12, 13, 10, 11, 12, 13, 10, 11, 12, 13, 10, 11, 12, 13, 10, 11, 12, 13, 10, 11, 12, 13, 10, 11, 12, 13, 10, 11, 12, 13, 10, 11, 12, 13, 10, 11, 12, 13, 10, 11, 12, 13],
  "y": [0, 2, 1, 1, 4, 3, 3, 7, 4, 5, 4, 4, 2, 3, 11, 8, 2, 2, 6, 5, 3, 4, 2, 3, 4, 9, 8, 8, 9, 6, 6, 6, 4, 8, 5, 11, 7, 9, 7, 8, 8, 8, 12, 10, 9, 9, 8, 5]
}
