{
  "N": 60,
  "K": 2,
  "x": [
    -1.5,
    -1.4491525424,
    -1.3983050847,
    -1.3474576271,
    -1.2966101695,
    -1.2457627119,
    -1.1949152542,
    -1.1440677966,
    -1.093220339,
    -1.0423728814,
    -0.9915254237,
    -0.9406779661,
    -0.8898305085,
    -0.8389830508,
    -0.7881355932,
    -0.7372881356,
    -0.686440678,
    -0.6355932203,
    -0.5847457627,
    -0.5338983051,
    -0.4830508475,
    -0.4322033898,
    -0.3813559322,
    -0.3305084746,
    -0.2796610169,
    -0.2288135593,
    -0.1779661017,
    -0.1271186441,
    -0.0762711864,
    -0.0254237288,
    0.0254237288,
    0.0762711864,
    0.1271186441,
    0.1779661017,
    0.2288135593,
    0.2796610169,
    0.3305084746,
    0.3813559322,
    0.4322033898,
    0.4830508475,
    0.5338983051,
    0.5847457627,
    0.6355932203,
    0.686440678,
    0.7372881356,
    0.7881355932,
    0.8389830508,
    0.8898305085,
    0.9406779661,
    0.9915254237,
    1.0423728814,
    1.093220339,
    1.1440677966,
    1.1949152542,
    1.2457627119,
    1.2966101695,
    1.3474576271,
    1.3983050847,
    1.4491525424,
    1.5
  ],
  "y": [
    1,
    1,
    2,
    1,
    1,
    2,
    1,
    1,
    1,
    1,
    1,
    2,
    3,
    2,
    2,
    1,
    1,
    1,
    2,
    1,
    1,
    3,
    1,
    3,
    2,
    3,
    2,
    1,
    3,
    1,
    2,
    1,
    1,
    2,
    1,
    2,
    3,
    3,
    2,
    1,
    2,
    1,
    2,
    3,
    3,
    1,
    2,
    2,
    2,
    1,
    2,
    1,
    3,
    3,
    3,
    3,
    3,
    3,
    2,
    3
  ]
}
