{
  "N": 3,
  "N_obs": 2,
  "N_mis": 1,
  "observed_idx": [1, 3],
  "missing_idx": [2],
  "observed_values": [0.7, -0.4],
  "chol": [
    [1.0, 0.0, 0.0],
    [0.6, 1.16619037896906, 0.0],
    [0.25, 0.4289179246594159, 0.9747542778189155]
  ]
}
